ImageName,Label,X,Y,W,H
001.png,person,0.242201,0.03762662,0.4344926,0.9609262
002.png,car,0.1198987,0.2301013,0.715919,0.5094067
002.png,street sign,0.6743669,0.02315484,0.08303185,0.1968162
003.png,sports ball,0.114327,0.316932,0.3019537,0.4384949
003.png,person,0.4962373,6.113297E-09,0.4515195,0.9334298
